player_name,team,pos,pass_yds,pass_td,pass_int,rush_yds,rush_td,rec,rec_yds,rec_td,k_fg,k_xpt
,nan,QB,0.0,0.0,0.0,0.0,0.0,0.0,0.0,0.0,0.0,0.0
Josh Allen,BUF,QB,3904.1,29.0,10.4,572.5,10.7,0.0,0.0,0.0,0.0,0.0
Lamar Jackson,BAL,QB,3859.3,32.3,8.2,828.1,3.9,0.0,0.0,0.0,0.0,0.0
Jalen Hurts,PHI,QB,3530.8,23.6,8.6,633.6,12.7,0.0,0.0,0.0,0.0,0.0
Jayden Daniels,WAS,QB,3853.7,26.7,10.5,750.1,5.7,0.0,0.0,0.0,0.0,0.0
Joe Burrow,CIN,QB,4625.6,35.7,10.4,179.7,2.1,0.0,0.0,0.0,0.0,0.0
Patrick Mahomes II,KC,QB,4259.5,30.3,12.1,365.6,2.8,0.0,0.0,0.0,0.0,0.0
Baker Mayfield,TB,QB,4151.0,32.7,14.6,288.5,2.6,0.0,0.0,0.0,0.0,0.0
Kyler Murray,ARI,QB,3808.4,24.2,11.1,551.7,5.1,0.0,0.0,0.0,0.0,0.0
Brock Purdy,SF,QB,4276.1,27.0,12.4,279.0,3.6,0.0,0.0,0.0,0.0,0.0
Bo Nix,DEN,QB,3789.9,27.4,12.0,423.3,3.5,0.0,0.0,0.0,0.0,0.0
Justin Fields,NYJ,QB,3232.9,19.3,10.8,744.3,6.1,0.0,0.0,0.0,0.0,0.0
J.J. McCarthy,MIN,QB,4045.6,28.5,14.4,258.2,2.1,0.0,0.0,0.0,0.0,0.0
Dak Prescott,DAL,QB,4255.9,27.6,12.1,178.1,1.9,0.0,0.0,0.0,0.0,0.0
Justin Herbert,LAC,QB,3943.9,25.6,8.5,272.0,2.6,0.0,0.0,0.0,0.0,0.0
Caleb Williams,CHI,QB,3750.6,23.8,10.3,469.9,2.6,0.0,0.0,0.0,0.0,0.0
Jared Goff,DET,QB,4336.6,29.9,11.4,61.5,0.5,0.0,0.0,0.0,0.0,0.0
C.J. Stroud,HOU,QB,4056.7,24.9,10.6,256.8,1.7,0.0,0.0,0.0,0.0,0.0
Drake Maye,NE,QB,3568.8,22.7,12.7,491.5,3.1,0.0,0.0,0.0,0.0,0.0
Jordan Love,GB,QB,3888.3,27.6,12.1,166.9,1.9,0.0,0.0,0.0,0.0,0.0
Trevor Lawrence,JAC,QB,3973.4,23.4,13.0,252.2,3.1,0.0,0.0,0.0,0.0,0.0
Bryce Young,CAR,QB,3638.6,21.7,12.0,294.8,3.5,0.0,0.0,0.0,0.0,0.0
Michael Penix Jr.,ATL,QB,3913.2,23.5,13.4,196.6,2.1,0.0,0.0,0.0,0.0,0.0
Tua Tagovailoa,MIA,QB,4133.4,26.0,11.9,86.1,0.5,0.0,0.0,0.0,0.0,0.0
Geno Smith,LV,QB,3952.9,22.0,13.4,242.4,1.7,0.0,0.0,0.0,0.0,0.0
Matthew Stafford,LAR,QB,4023.0,25.7,10.9,72.6,0.7,0.0,0.0,0.0,0.0,0.0
Cam Ward,TEN,QB,3642.6,21.8,13.8,330.1,2.4,0.0,0.0,0.0,0.0,0.0
Sam Darnold,SEA,QB,3793.5,22.7,13.8,205.3,1.9,0.0,0.0,0.0,0.0,0.0
Aaron Rodgers,PIT,QB,3738.8,22.9,9.7,80.5,0.4,0.0,0.0,0.0,0.0,0.0
Daniel Jones,IND,QB,2881.9,17.2,9.9,408.4,3.4,0.0,0.0,0.0,0.0,0.0
Russell Wilson,NYG,QB,2848.5,15.1,7.6,212.1,1.9,0.0,0.0,0.0,0.0,0.0
Spencer Rattler,NO,QB,2831.4,15.2,9.8,235.2,1.2,0.0,0.0,0.0,0.0,0.0
Joe Flacco,CIN,QB,2756.1,14.1,11.3,43.5,0.4,0.0,0.0,0.0,0.0,0.0
Anthony Richardson Sr.,IND,QB,661.4,3.6,3.2,146.4,1.4,0.0,0.0,0.0,0.0,0.0
Tyler Shough,NO,QB,884.8,4.3,3.5,75.3,0.4,0.0,0.0,0.0,0.0,0.0
Jaxson Dart,NYG,QB,799.4,4.4,3.2,62.3,0.5,0.0,0.0,0.0,0.0,0.0
Dillon Gabriel,CLE,QB,793.2,3.9,2.9,45.2,0.4,0.0,0.0,0.0,0.0,0.0
Shedeur Sanders,CLE,QB,649.2,3.1,2.5,37.0,0.1,0.0,0.0,0.0,0.0,0.0
Jalen Milroe,SEA,QB,130.4,0.8,0.8,110.9,1.0,0.0,0.0,0.0,0.0,0.0
Mason Rudolph,PIT,QB,151.5,0.9,0.7,67.7,0.5,0.0,0.0,0.0,0.0,0.0
Jimmy Garoppolo,LAR,QB,209.4,1.6,0.7,2.9,0.0,0.0,0.0,0.0,0.0,0.0
Jameis Winston,NYG,QB,199.3,1.3,0.7,11.3,0.0,0.0,0.0,0.0,0.0,0.0
Malik Willis,GB,QB,157.7,0.9,0.3,28.2,0.2,0.0,0.0,0.0,0.0,0.0
Marcus Mariota,WAS,QB,172.5,1.1,0.3,22.3,0.0,0.0,0.0,0.0,0.0,0.0
Tyrod Taylor,NYJ,QB,186.1,0.9,0.9,23.0,0.0,0.0,0.0,0.0,0.0,0.0
Mac Jones,SF,QB,172.3,0.9,0.7,7.5,0.0,0.0,0.0,0.0,0.0,0.0
Joshua Dobbs,NE,QB,156.4,0.9,0.7,12.6,0.0,0.0,0.0,0.0,0.0,0.0
Zach Wilson,MIA,QB,153.7,0.9,0.5,10.3,0.0,0.0,0.0,0.0,0.0,0.0
Aidan O'Connell,LV,QB,158.5,1.0,0.5,3.0,0.0,0.0,0.0,0.0,0.0,0.0
Jake Browning,CIN,QB,135.7,1.0,0.4,8.4,0.0,0.0,0.0,0.0,0.0,0.0
Jacoby Brissett,ARI,QB,147.9,0.7,0.5,9.5,0.0,0.0,0.0,0.0,0.0,0.0
Gardner Minshew II,KC,QB,151.7,1.0,0.5,7.8,0.0,0.0,0.0,0.0,0.0,0.0
Andy Dalton,CAR,QB,129.6,0.9,0.7,6.0,0.0,0.0,0.0,0.0,0.0,0.0
Tanner McKee,PHI,QB,125.1,0.7,0.4,8.0,0.0,0.0,0.0,0.0,0.0,0.0
Joe Milton III,DAL,QB,123.3,0.6,0.4,11.8,0.0,0.0,0.0,0.0,0.0,0.0
Kenny Pickett,LV,QB,123.2,0.6,0.3,8.5,0.0,0.0,0.0,0.0,0.0,0.0
Tyson Bagent,CHI,QB,115.0,0.6,0.4,11.1,0.0,0.0,0.0,0.0,0.0,0.0
Nick Mullens,JAC,QB,127.1,0.7,0.6,6.5,0.0,0.0,0.0,0.0,0.0,0.0
Mitchell Trubisky,BUF,QB,118.1,0.7,0.4,7.9,0.0,0.0,0.0,0.0,0.0,0.0
Teddy Bridgewater,TB,QB,120.6,0.7,0.6,8.0,0.0,0.0,0.0,0.0,0.0,0.0
Jarrett Stidham,DEN,QB,116.2,0.7,0.4,7.6,0.0,0.0,0.0,0.0,0.0,0.0
Davis Mills,HOU,QB,116.1,0.7,0.4,6.4,0.0,0.0,0.0,0.0,0.0,0.0
Carson Wentz,MIN,QB,109.2,0.7,0.6,11.6,0.0,0.0,0.0,0.0,0.0,0.0
Cooper Rush,BAL,QB,117.5,0.7,0.3,10.1,0.0,0.0,0.0,0.0,0.0,0.0
Kirk Cousins,ATL,QB,129.9,0.7,0.6,6.3,0.0,0.0,0.0,0.0,0.0,0.0
Trey Lance,LAC,QB,110.9,0.4,0.4,12.5,0.0,0.0,0.0,0.0,0.0,0.0
Brandon Allen,TEN,QB,110.2,0.6,0.6,5.0,0.0,0.0,0.0,0.0,0.0,0.0
Drew Lock,SEA,QB,109.2,0.6,0.6,6.0,0.0,0.0,0.0,0.0,0.0,0.0
Sam Howell,PHI,QB,91.3,0.8,0.4,4.7,0.0,0.0,0.0,0.0,0.0,0.0
Kyle Allen,DET,QB,107.6,0.6,0.1,1.3,0.0,0.0,0.0,0.0,0.0,0.0
Deshaun Watson,CLE,QB,99.0,0.5,0.5,12.0,0.0,0.0,0.0,0.0,0.0,0.0
Quinn Ewers,MIA,QB,100.0,0.5,0.5,7.0,0.0,0.0,0.0,0.0,0.0,0.0
Graham Mertz,HOU,QB,59.5,0.5,0.0,4.0,0.0,0.0,0.0,0.0,0.0,0.0
Will Howard,PIT,QB,44.5,0.5,0.0,3.0,0.0,0.0,0.0,0.0,0.0,0.0
Josh Johnson,WAS,QB,36.3,0.2,0.2,0.0,0.0,0.0,0.0,0.0,0.0,0.0
Case Keenum,CHI,QB,0.0,0.0,0.0,0.0,0.0,0.0,0.0,0.0,0.0,0.0
Trevor Siemian,TEN,QB,0.0,0.0,0.0,0.0,0.0,0.0,0.0,0.0,0.0,0.0
Jeff Driskel,ARI,QB,0.0,0.0,0.0,0.0,0.0,0.0,0.0,0.0,0.0,0.0
C.J. Beathard,DET,QB,0.0,0.0,0.0,0.0,0.0,0.0,0.0,0.0,0.0,0.0
Mike White,CAR,QB,0.0,0.0,0.0,0.0,0.0,0.0,0.0,0.0,0.0,0.0
John Wolford,MIN,QB,0.0,0.0,0.0,0.0,0.0,0.0,0.0,0.0,0.0,0.0
Brett Rypien,IND,QB,0.0,0.0,0.0,0.0,0.0,0.0,0.0,0.0,0.0,0.0
Easton Stick,ATL,QB,0.0,0.0,0.0,0.0,0.0,0.0,0.0,0.0,0.0,0.0
Tyler Huntley,BAL,QB,0.0,0.0,0.0,0.0,0.0,0.0,0.0,0.0,0.0,0.0
Shane Buechele,BUF,QB,0.0,0.0,0.0,0.0,0.0,0.0,0.0,0.0,0.0,0.0
Sam Ehlinger,DEN,QB,0.0,0.0,0.0,0.0,0.0,0.0,0.0,0.0,0.0,0.0
Sean Clifford,CIN,QB,0.0,0.0,0.0,0.0,0.0,0.0,0.0,0.0,0.0,0.0
Will Levis,TEN,QB,0.0,0.0,0.0,0.0,0.0,0.0,0.0,0.0,0.0,0.0
Kyle McCord,PHI,QB,0.0,0.0,0.0,0.0,0.0,0.0,0.0,0.0,0.0,0.0
Stetson Bennett IV,LAR,QB,0.0,0.0,0.0,0.0,0.0,0.0,0.0,0.0,0.0,0.0
Bailey Zappe,CLE,QB,0.0,0.0,0.0,0.0,0.0,0.0,0.0,0.0,0.0,0.0
Skylar Thompson,PIT,QB,0.0,0.0,0.0,0.0,0.0,0.0,0.0,0.0,0.0,0.0
Chris Oladokun,KC,QB,0.0,0.0,0.0,0.0,0.0,0.0,0.0,0.0,0.0,0.0
Jake Haener,NO,QB,0.0,0.0,0.0,0.0,0.0,0.0,0.0,0.0,0.0,0.0
Clayton Tune,GB,QB,0.0,0.0,0.0,0.0,0.0,0.0,0.0,0.0,0.0,0.0
Riley Leonard,IND,QB,0.0,0.0,0.0,0.0,0.0,0.0,0.0,0.0,0.0,0.0
Tommy DeVito,NE,QB,0.0,0.0,0.0,0.0,0.0,0.0,0.0,0.0,0.0,0.0
Kurtis Rourke,SF,QB,0.0,0.0,0.0,0.0,0.0,0.0,0.0,0.0,0.0,0.0
Cam Miller,LV,QB,0.0,0.0,0.0,0.0,0.0,0.0,0.0,0.0,0.0,0.0
,nan,RB,0.0,0.0,0.0,0.0,0.0,0.0,0.0,0.0,0.0,0.0
Saquon Barkley,PHI,RB,0.0,0.0,0.0,331.1,2.2,43.2,1683.6,11.1,0.0,0.0
Bijan Robinson,ATL,RB,0.0,0.0,0.0,447.2,2.2,58.9,1421.8,11.4,0.0,0.0
Jahmyr Gibbs,DET,RB,0.0,0.0,0.0,511.9,2.8,58.2,1240.4,11.7,0.0,0.0
Derrick Henry,BAL,RB,0.0,0.0,0.0,153.0,0.9,16.3,1554.4,13.7,0.0,0.0
Christian McCaffrey,SF,RB,0.0,0.0,0.0,556.9,3.5,64.6,1110.9,8.1,0.0,0.0
Jonathan Taylor,IND,RB,0.0,0.0,0.0,204.2,1.3,28.5,1413.1,10.7,0.0,0.0
Josh Jacobs,GB,RB,0.0,0.0,0.0,315.0,1.5,38.0,1234.2,11.5,0.0,0.0
Kyren Williams,LAR,RB,0.0,0.0,0.0,212.9,1.7,33.5,1249.3,11.6,0.0,0.0
Ashton Jeanty,LV,RB,0.0,0.0,0.0,361.5,1.9,45.9,1227.7,9.3,0.0,0.0
De'Von Achane,MIA,RB,0.0,0.0,0.0,505.7,3.9,68.5,1014.6,7.6,0.0,0.0
Bucky Irving,TB,RB,0.0,0.0,0.0,352.7,1.7,45.3,1161.9,8.5,0.0,0.0
Chase Brown,CIN,RB,0.0,0.0,0.0,406.6,2.8,57.8,1033.1,8.4,0.0,0.0
James Cook III,BUF,RB,0.0,0.0,0.0,258.7,1.9,31.6,1090.0,9.8,0.0,0.0
James Conner,ARI,RB,0.0,0.0,0.0,325.4,1.7,42.4,1004.1,8.2,0.0,0.0
Chuba Hubbard,CAR,RB,0.0,0.0,0.0,246.5,1.1,40.9,1109.6,8.2,0.0,0.0
Omarion Hampton,LAC,RB,0.0,0.0,0.0,273.0,1.5,35.2,985.6,8.7,0.0,0.0
Alvin Kamara,NO,RB,0.0,0.0,0.0,478.0,2.0,62.7,897.3,5.4,0.0,0.0
Breece Hall,NYJ,RB,0.0,0.0,0.0,376.5,1.9,46.0,977.9,5.8,0.0,0.0
Kenneth Walker III,SEA,RB,0.0,0.0,0.0,308.1,1.3,43.0,948.3,8.0,0.0,0.0
Tony Pollard,TEN,RB,0.0,0.0,0.0,275.0,0.9,42.9,1050.8,5.9,0.0,0.0
TreVeyon Henderson,NE,RB,0.0,0.0,0.0,284.3,1.8,36.6,968.6,6.3,0.0,0.0
David Montgomery,DET,RB,0.0,0.0,0.0,260.2,0.9,31.7,837.1,9.0,0.0,0.0
D'Andre Swift,CHI,RB,0.0,0.0,0.0,283.2,1.2,36.6,963.2,6.1,0.0,0.0
Aaron Jones Sr.,MIN,RB,0.0,0.0,0.0,327.1,2.3,44.3,888.8,4.5,0.0,0.0
RJ Harvey,DEN,RB,0.0,0.0,0.0,269.9,1.7,35.3,827.7,5.8,0.0,0.0
Isiah Pacheco,KC,RB,0.0,0.0,0.0,234.0,1.1,34.1,857.2,6.0,0.0,0.0
Kaleb Johnson,PIT,RB,0.0,0.0,0.0,175.3,1.0,22.9,864.2,6.6,0.0,0.0
Tyrone Tracy Jr.,NYG,RB,0.0,0.0,0.0,268.2,1.1,36.0,830.6,5.4,0.0,0.0
Jaylen Warren,PIT,RB,0.0,0.0,0.0,361.3,1.2,49.8,666.0,3.6,0.0,0.0
Jacory Croskey-Merritt,WAS,RB,0.0,0.0,0.0,179.4,1.3,22.7,693.6,5.8,0.0,0.0
Austin Ekeler,WAS,RB,0.0,0.0,0.0,384.1,1.8,47.0,487.9,4.7,0.0,0.0
Zach Charbonnet,SEA,RB,0.0,0.0,0.0,267.2,1.0,36.0,586.2,4.9,0.0,0.0
J.K. Dobbins,DEN,RB,0.0,0.0,0.0,189.7,1.2,29.6,655.3,4.8,0.0,0.0
Jordan Mason,MIN,RB,0.0,0.0,0.0,118.4,0.5,16.2,755.5,4.7,0.0,0.0
Javonte Williams,DAL,RB,0.0,0.0,0.0,219.9,0.9,34.3,641.6,4.4,0.0,0.0
Rhamondre Stevenson,NE,RB,0.0,0.0,0.0,176.8,1.1,27.8,620.8,5.0,0.0,0.0
Travis Etienne Jr.,JAC,RB,0.0,0.0,0.0,272.9,1.1,36.9,573.1,3.8,0.0,0.0
Joe Mixon,HOU,RB,0.0,0.0,0.0,197.3,1.1,24.6,569.8,4.9,0.0,0.0
Jerome Ford,CLE,RB,0.0,0.0,0.0,238.4,1.1,34.3,589.0,3.1,0.0,0.0
Nick Chubb,HOU,RB,0.0,0.0,0.0,90.7,1.0,11.9,565.8,4.8,0.0,0.0
Tank Bigsby,PHI,RB,0.0,0.0,0.0,76.9,0.2,10.6,618.7,5.0,0.0,0.0
Quinshon Judkins,CLE,RB,0.0,0.0,0.0,168.3,0.9,21.7,543.7,3.6,0.0,0.0
Rachaad White,TB,RB,0.0,0.0,0.0,269.8,2.1,35.7,420.7,2.7,0.0,0.0
Cam Skattebo,NYG,RB,0.0,0.0,0.0,185.0,1.0,23.8,523.4,3.5,0.0,0.0
Trey Benson,ARI,RB,0.0,0.0,0.0,125.8,0.5,16.5,581.4,3.8,0.0,0.0
Dylan Sampson,CLE,RB,0.0,0.0,0.0,178.6,0.9,22.8,518.5,3.0,0.0,0.0
Jaydon Blue,DAL,RB,0.0,0.0,0.0,176.6,0.9,22.9,496.2,3.1,0.0,0.0
Najee Harris,LAC,RB,0.0,0.0,0.0,130.0,0.7,17.7,484.2,3.8,0.0,0.0
Tyler Allgeier,ATL,RB,0.0,0.0,0.0,102.1,0.4,13.8,555.1,3.3,0.0,0.0
Ray Davis,BUF,RB,0.0,0.0,0.0,105.6,1.0,12.4,485.6,3.7,0.0,0.0
Bhayshul Tuten,JAC,RB,0.0,0.0,0.0,145.1,0.9,18.5,448.9,3.1,0.0,0.0
Braelon Allen,NYJ,RB,0.0,0.0,0.0,126.5,0.8,16.8,440.4,3.0,0.0,0.0
Rico Dowdle,CAR,RB,0.0,0.0,0.0,151.8,1.1,22.4,416.2,2.4,0.0,0.0
Tyjae Spears,TEN,RB,0.0,0.0,0.0,212.0,1.0,28.4,335.3,2.5,0.0,0.0
Kendre Miller,NO,RB,0.0,0.0,0.0,90.0,0.2,12.0,416.5,3.7,0.0,0.0
Kareem Hunt,KC,RB,0.0,0.0,0.0,149.2,0.8,21.3,323.1,3.3,0.0,0.0
Ollie Gordon II,MIA,RB,0.0,0.0,0.0,94.9,0.5,12.4,410.2,3.4,0.0,0.0
Brian Robinson Jr.,SF,RB,0.0,0.0,0.0,66.5,0.4,8.1,427.0,3.5,0.0,0.0
Roschon Johnson,CHI,RB,0.0,0.0,0.0,98.1,0.4,14.9,300.8,4.2,0.0,0.0
Jaylen Wright,MIA,RB,0.0,0.0,0.0,71.2,0.5,10.5,426.9,2.8,0.0,0.0
Blake Corum,LAR,RB,0.0,0.0,0.0,93.1,0.3,12.6,347.4,2.3,0.0,0.0
MarShawn Lloyd,GB,RB,0.0,0.0,0.0,88.3,0.6,11.0,313.9,2.5,0.0,0.0
Justice Hill,BAL,RB,0.0,0.0,0.0,221.2,1.7,27.3,185.3,1.2,0.0,0.0
Raheem Mostert,LV,RB,0.0,0.0,0.0,121.0,0.6,16.3,278.3,2.4,0.0,0.0
Keaton Mitchell,BAL,RB,0.0,0.0,0.0,85.5,0.5,9.1,322.4,1.7,0.0,0.0
Miles Sanders,DAL,RB,0.0,0.0,0.0,61.9,0.3,10.0,342.5,2.0,0.0,0.0
Chris Rodriguez Jr.,WAS,RB,0.0,0.0,0.0,40.3,0.1,5.3,318.3,2.9,0.0,0.0
Woody Marks,HOU,RB,0.0,0.0,0.0,144.5,0.8,19.4,234.6,1.6,0.0,0.0
Tahj Brooks,CIN,RB,0.0,0.0,0.0,103.6,0.7,12.4,266.1,2.1,0.0,0.0
Ty Johnson,BUF,RB,0.0,0.0,0.0,165.3,1.5,15.1,206.0,0.9,0.0,0.0
Samaje Perine,CIN,RB,0.0,0.0,0.0,161.8,0.9,18.4,201.6,1.3,0.0,0.0
Zamir White,LV,RB,0.0,0.0,0.0,80.5,0.4,11.5,263.3,1.6,0.0,0.0
Kyle Monangai,CHI,RB,0.0,0.0,0.0,45.5,0.1,6.4,265.6,2.4,0.0,0.0
Jarquez Hunter,LAR,RB,0.0,0.0,0.0,61.3,0.4,7.1,250.9,2.0,0.0,0.0
Antonio Gibson,NE,RB,0.0,0.0,0.0,133.2,0.5,16.4,213.4,1.0,0.0,0.0
Devin Neal,NO,RB,0.0,0.0,0.0,61.6,0.4,8.3,247.8,1.7,0.0,0.0
Kenneth Gainwell,PIT,RB,0.0,0.0,0.0,89.7,0.4,12.7,229.6,1.6,0.0,0.0
Isaac Guerendo,SF,RB,0.0,0.0,0.0,67.2,0.1,7.5,239.7,1.9,0.0,0.0
Khalil Herbert,NYJ,RB,0.0,0.0,0.0,50.4,0.3,8.3,229.3,1.6,0.0,0.0
Devin Singletary,NYG,RB,0.0,0.0,0.0,63.5,0.1,9.3,236.7,1.5,0.0,0.0
Will Shipley,PHI,RB,0.0,0.0,0.0,68.1,0.5,9.2,214.5,1.4,0.0,0.0
Trevor Etienne,CAR,RB,0.0,0.0,0.0,87.7,0.4,10.8,192.8,1.5,0.0,0.0
Jaleel McLaughlin,DEN,RB,0.0,0.0,0.0,109.8,0.9,18.1,169.3,0.9,0.0,0.0
Emanuel Wilson,GB,RB,0.0,0.0,0.0,57.1,0.4,7.9,207.1,1.4,0.0,0.0
Sean Tucker,TB,RB,0.0,0.0,0.0,41.0,0.4,5.3,232.1,1.4,0.0,0.0
Elijah Mitchell,KC,RB,0.0,0.0,0.0,40.7,0.4,7.2,200.8,1.6,0.0,0.0
Tyler Goodson,IND,RB,0.0,0.0,0.0,37.8,0.4,5.7,180.9,1.1,0.0,0.0
DJ Giddens,IND,RB,0.0,0.0,0.0,56.1,0.1,7.6,163.2,1.3,0.0,0.0
Dameon Pierce,HOU,RB,0.0,0.0,0.0,50.7,0.2,7.6,183.3,1.2,0.0,0.0
Julius Chestnut,TEN,RB,0.0,0.0,0.0,74.4,0.3,10.2,144.3,0.8,0.0,0.0
A.J. Dillon,PHI,RB,0.0,0.0,0.0,28.2,0.1,3.5,154.1,1.3,0.0,0.0
Hassan Haskins,LAC,RB,0.0,0.0,0.0,58.8,0.5,7.7,117.6,0.9,0.0,0.0
Isaiah Davis,NYJ,RB,0.0,0.0,0.0,35.6,0.1,4.9,152.1,0.9,0.0,0.0
Zavier Scott,MIN,RB,0.0,0.0,0.0,29.0,0.0,3.0,153.0,1.0,0.0,0.0
Chris Brooks,GB,RB,0.0,0.0,0.0,48.5,0.1,7.3,136.6,0.9,0.0,0.0
Kyle Juszczyk,SF,RB,0.0,0.0,0.0,136.8,0.8,14.4,24.2,0.3,0.0,0.0
Brashard Smith,KC,RB,0.0,0.0,0.0,63.1,0.5,8.5,91.4,0.6,0.0,0.0
Kalel Mullings,TEN,RB,0.0,0.0,0.0,32.3,0.1,4.2,118.9,0.9,0.0,0.0
Kimani Vidal,LAC,RB,0.0,0.0,0.0,48.8,0.4,6.4,95.1,0.5,0.0,0.0
Emari Demercado,ARI,RB,0.0,0.0,0.0,53.9,0.1,8.1,106.3,0.4,0.0,0.0
Ty Chandler,MIN,RB,0.0,0.0,0.0,34.4,0.1,4.9,97.3,0.7,0.0,0.0
Jeremy McNichols,WAS,RB,0.0,0.0,0.0,15.3,0.0,2.7,93.0,1.1,0.0,0.0
George Holani,SEA,RB,0.0,0.0,0.0,21.9,0.0,3.0,98.0,0.6,0.0,0.0
LeQuint Allen Jr.,JAC,RB,0.0,0.0,0.0,25.4,0.1,3.5,60.6,0.7,0.0,0.0
Craig Reynolds,DET,RB,0.0,0.0,0.0,54.3,0.4,6.8,38.0,0.1,0.0,0.0
Alec Ingold,MIA,RB,0.0,0.0,0.0,44.1,0.4,6.1,21.8,0.6,0.0,0.0
Travis Homer,CHI,RB,0.0,0.0,0.0,24.9,0.1,3.3,63.5,0.3,0.0,0.0
Phil Mafah,DAL,RB,0.0,0.0,0.0,11.0,0.0,1.5,61.5,0.5,0.0,0.0
C.J. Ham,MIN,RB,0.0,0.0,0.0,25.7,0.0,3.6,10.4,1.0,0.0,0.0
Jordan James,SF,RB,0.0,0.0,0.0,12.0,0.0,1.0,63.0,0.4,0.0,0.0
Raheim Sanders,CLE,RB,0.0,0.0,0.0,11.5,0.0,1.5,56.0,0.5,0.0,0.0
Kenny McIntosh,SEA,RB,0.0,0.0,0.0,30.0,0.2,3.9,35.2,0.2,0.0,0.0
Dare Ogunbowale,HOU,RB,0.0,0.0,0.0,39.9,0.2,5.3,31.1,0.1,0.0,0.0
Nathan Carter,ATL,RB,0.0,0.0,0.0,14.2,0.1,2.1,39.1,0.3,0.0,0.0
Patrick Ricard,BAL,RB,0.0,0.0,0.0,27.3,0.5,3.4,11.5,0.1,0.0,0.0
Terrell Jennings,NE,RB,0.0,0.0,0.0,29.1,0.2,3.8,20.1,0.1,0.0,0.0
Eric Gray,NYG,RB,0.0,0.0,0.0,14.3,0.1,1.9,42.6,0.2,0.0,0.0
Zonovan Knight,ARI,RB,0.0,0.0,0.0,22.5,0.1,3.1,19.5,0.1,0.0,0.0
Rasheen Ali,BAL,RB,0.0,0.0,0.0,10.2,0.1,1.4,33.4,0.1,0.0,0.0
Hunter Luepke,DAL,RB,0.0,0.0,0.0,26.6,0.1,3.9,14.3,0.1,0.0,0.0
Dylan Laube,LV,RB,0.0,0.0,0.0,14.5,0.0,2.0,29.4,0.1,0.0,0.0
Trey Sermon,PIT,RB,0.0,0.0,0.0,11.2,0.1,1.6,20.8,0.1,0.0,0.0
Deuce Vaughn,DEN,RB,0.0,0.0,0.0,8.0,0.0,1.0,31.0,0.0,0.0,0.0
Jashaun Corbin,NE,RB,0.0,0.0,0.0,7.0,0.0,1.0,30.0,0.0,0.0,0.0
Carlos Washington Jr.,ATL,RB,0.0,0.0,0.0,7.0,0.0,1.0,30.0,0.0,0.0,0.0
Michael Carter,ARI,RB,0.0,0.0,0.0,11.0,0.0,1.5,21.0,0.0,0.0,0.0
Sincere McCormick,SF,RB,0.0,0.0,0.0,6.0,0.0,1.0,25.0,0.0,0.0,0.0
Audric Estime,NO,RB,0.0,0.0,0.0,6.0,0.0,1.0,20.0,0.0,0.0,0.0
Josh Williams,TB,RB,0.0,0.0,0.0,0.0,0.0,0.0,18.8,0.1,0.0,0.0
Pierre Strong Jr.,GB,RB,0.0,0.0,0.0,7.5,0.0,1.0,12.5,0.0,0.0,0.0
Robbie Ouzts,SEA,RB,0.0,0.0,0.0,14.8,0.1,2.0,0.0,0.0,0.0,0.0
Carson Steele,KC,RB,0.0,0.0,0.0,7.0,0.0,1.0,12.0,0.0,0.0,0.0
Scott Matlock,LAC,RB,0.0,0.0,0.0,14.7,0.1,2.2,0.0,0.0,0.0,0.0
Lan Larison,NE,RB,0.0,0.0,0.0,11.0,0.0,1.5,6.0,0.0,0.0,0.0
Tyler Badie,DEN,RB,0.0,0.0,0.0,3.5,0.0,0.5,10.5,0.0,0.0,0.0
Cam Akers,MIN,RB,0.0,0.0,0.0,3.0,0.0,0.5,10.5,0.0,0.0,0.0
Ronnie Rivers,LAR,RB,0.0,0.0,0.0,7.0,0.0,1.0,4.0,0.0,0.0,0.0
Keilan Robinson,NYJ,RB,0.0,0.0,0.0,7.0,0.0,1.0,4.0,0.0,0.0,0.0
Jeff Wilson Jr.,MIA,RB,0.0,0.0,0.0,3.5,0.0,0.5,6.0,0.0,0.0,0.0
DeeJay Dallas,CAR,RB,0.0,0.0,0.0,11.0,0.0,1.5,8.0,0.0,0.0,0.0
Sione Vaki,DET,RB,0.0,0.0,0.0,3.5,0.0,0.5,4.5,0.0,0.0,0.0
JaMycal Hasty,MIA,RB,0.0,0.0,0.0,3.5,0.0,0.5,4.0,0.0,0.0,0.0
Patrick Taylor Jr.,SF,RB,0.0,0.0,0.0,3.5,0.0,0.5,4.0,0.0,0.0,0.0
D'Ernest Johnson,NE,RB,0.0,0.0,0.0,3.0,0.0,0.5,2.0,0.0,0.0,0.0
Alexander Mattison,MIA,RB,0.0,0.0,0.0,0.0,0.0,0.0,0.0,0.0,0.0,0.0
Michael Burton,DEN,RB,0.0,0.0,0.0,0.0,0.0,0.0,0.0,0.0,0.0,0.0
Andrew Beck,NYJ,RB,0.0,0.0,0.0,0.0,0.0,0.0,0.0,0.0,0.0,0.0
Salvon Ahmed,IND,RB,0.0,0.0,0.0,0.0,0.0,0.0,0.0,0.0,0.0,0.0
Reggie Gilliam,BUF,RB,0.0,0.0,0.0,0.0,0.0,0.0,0.0,0.0,0.0,0.0
Kene Nwangwu,NYJ,RB,0.0,0.0,0.0,0.0,0.0,0.0,0.0,0.0,0.0,0.0
Keaontay Ingram,KC,RB,0.0,0.0,0.0,0.0,0.0,0.0,0.0,0.0,0.0,0.0
Deneric Prince,NE,RB,0.0,0.0,0.0,0.0,0.0,0.0,0.0,0.0,0.0,0.0
Ben VanSumeren,PHI,RB,0.0,0.0,0.0,0.0,0.0,0.0,0.0,0.0,0.0,0.0
Brady Russell,SEA,RB,0.0,0.0,0.0,0.0,0.0,0.0,0.0,0.0,0.0,0.0
Jonathon Brooks,CAR,RB,0.0,0.0,0.0,0.0,0.0,0.0,0.0,0.0,0.0,0.0
British Brooks,HOU,RB,0.0,0.0,0.0,0.0,0.0,0.0,0.0,0.0,0.0,0.0
Trayveon Williams,LAC,RB,0.0,0.0,0.0,0.0,0.0,0.0,0.0,0.0,0.0,0.0
Ameer Abdullah,IND,RB,0.0,0.0,0.0,0.0,0.0,0.0,0.0,0.0,0.0,0.0
Myles Gaskin,SEA,RB,0.0,0.0,0.0,0.0,0.0,0.0,0.0,0.0,0.0,0.0
Chase Edmonds,WAS,RB,0.0,0.0,0.0,0.0,0.0,0.0,0.0,0.0,0.0,0.0
Jakob Johnson,HOU,RB,0.0,0.0,0.0,0.0,0.0,0.0,0.0,0.0,0.0,0.0
Clyde Edwards-Helaire,KC,RB,0.0,0.0,0.0,0.0,0.0,0.0,0.0,0.0,0.0,0.0
Jermar Jefferson,ARI,RB,0.0,0.0,0.0,0.0,0.0,0.0,0.0,0.0,0.0,0.0
Gary Brightwell,CIN,RB,0.0,0.0,0.0,0.0,0.0,0.0,0.0,0.0,0.0,0.0
,nan,WR,0.0,0.0,0.0,0.0,0.0,0.0,0.0,0.0,0.0,0.0
Ja'Marr Chase,CIN,WR,0.0,0.0,0.0,12.7,0.0,120.1,1580.9,12.2,0.0,0.0
Justin Jefferson,MIN,WR,0.0,0.0,0.0,2.2,0.0,103.5,1443.3,9.5,0.0,0.0
CeeDee Lamb,DAL,WR,0.0,0.0,0.0,58.8,0.3,112.1,1395.2,8.1,0.0,0.0
Nico Collins,HOU,WR,0.0,0.0,0.0,1.6,0.0,92.2,1315.2,9.0,0.0,0.0
Malik Nabers,NYG,WR,0.0,0.0,0.0,12.2,0.0,107.0,1343.6,8.3,0.0,0.0
Puka Nacua,LAR,WR,0.0,0.0,0.0,61.4,0.6,103.8,1347.7,6.8,0.0,0.0
Brian Thomas Jr.,JAC,WR,0.0,0.0,0.0,24.9,0.0,91.9,1293.9,8.6,0.0,0.0
Amon-Ra St. Brown,DET,WR,0.0,0.0,0.0,12.6,0.1,109.7,1257.8,8.8,0.0,0.0
A.J. Brown,PHI,WR,0.0,0.0,0.0,0.0,0.0,84.9,1243.0,8.4,0.0,0.0
Drake London,ATL,WR,0.0,0.0,0.0,2.0,0.0,95.7,1231.1,8.2,0.0,0.0
Tyreek Hill,MIA,WR,0.0,0.0,0.0,41.0,0.1,92.7,1171.4,7.7,0.0,0.0
Mike Evans,TB,WR,0.0,0.0,0.0,0.0,0.0,79.8,1073.5,10.0,0.0,0.0
Ladd McConkey,LAC,WR,0.0,0.0,0.0,1.4,0.0,90.1,1206.0,7.5,0.0,0.0
Tee Higgins,CIN,WR,0.0,0.0,0.0,0.0,0.0,86.2,1096.1,8.9,0.0,0.0
Terry McLaurin,WAS,WR,0.0,0.0,0.0,4.8,0.0,84.3,1122.0,8.2,0.0,0.0
Davante Adams,LAR,WR,0.0,0.0,0.0,0.0,0.0,85.1,1098.3,8.3,0.0,0.0
DK Metcalf,PIT,WR,0.0,0.0,0.0,1.2,0.0,78.6,1144.1,7.3,0.0,0.0
Xavier Worthy,KC,WR,0.0,0.0,0.0,84.7,1.5,74.5,926.4,7.5,0.0,0.0
Marvin Harrison Jr.,ARI,WR,0.0,0.0,0.0,3.2,0.0,78.7,1087.2,7.6,0.0,0.0
Jaxon Smith-Njigba,SEA,WR,0.0,0.0,0.0,20.9,0.0,93.1,1110.7,6.6,0.0,0.0
Jameson Williams,DET,WR,0.0,0.0,0.0,63.4,0.8,62.4,991.0,6.4,0.0,0.0
Zay Flowers,BAL,WR,0.0,0.0,0.0,48.5,0.1,77.0,1044.6,6.4,0.0,0.0
Courtland Sutton,DEN,WR,0.0,0.0,0.0,0.2,0.0,76.6,1016.6,7.6,0.0,0.0
Calvin Ridley,TEN,WR,0.0,0.0,0.0,33.4,0.3,71.4,1045.0,6.0,0.0,0.0
DJ Moore,CHI,WR,0.0,0.0,0.0,53.8,0.1,87.3,1009.5,6.4,0.0,0.0
Garrett Wilson,NYJ,WR,0.0,0.0,0.0,13.5,0.0,91.2,1088.8,6.0,0.0,0.0
Tetairoa McMillan,CAR,WR,0.0,0.0,0.0,7.6,0.0,80.7,1047.5,6.4,0.0,0.0
George Pickens,DAL,WR,0.0,0.0,0.0,6.2,0.0,69.6,1018.8,6.4,0.0,0.0
DeVonta Smith,PHI,WR,0.0,0.0,0.0,1.2,0.0,81.2,977.2,7.0,0.0,0.0
Jerry Jeudy,CLE,WR,0.0,0.0,0.0,4.8,0.0,82.8,1121.9,4.2,0.0,0.0
Deebo Samuel Sr.,WAS,WR,0.0,0.0,0.0,124.2,1.3,65.5,832.4,5.1,0.0,0.0
Jaylen Waddle,MIA,WR,0.0,0.0,0.0,16.4,0.1,77.7,993.3,5.0,0.0,0.0
Matthew Golden,GB,WR,0.0,0.0,0.0,9.4,0.0,65.2,904.6,6.1,0.0,0.0
Travis Hunter,JAC,WR,0.0,0.0,0.0,21.7,0.1,71.6,928.0,5.4,0.0,0.0
Rome Odunze,CHI,WR,0.0,0.0,0.0,8.0,0.0,68.5,917.7,5.6,0.0,0.0
Ricky Pearsall,SF,WR,0.0,0.0,0.0,54.0,0.3,63.4,851.5,5.5,0.0,0.0
Jakobi Meyers,JAC,WR,0.0,0.0,0.0,8.7,0.0,77.7,907.4,4.9,0.0,0.0
Chris Olave,NO,WR,0.0,0.0,0.0,2.6,0.0,75.1,941.1,4.3,0.0,0.0
Keon Coleman,BUF,WR,0.0,0.0,0.0,3.8,0.0,52.3,822.3,6.1,0.0,0.0
Cooper Kupp,SEA,WR,0.0,0.0,0.0,9.2,0.0,74.9,846.5,5.6,0.0,0.0
Stefon Diggs,NE,WR,0.0,0.0,0.0,6.8,0.2,77.5,854.4,5.3,0.0,0.0
Jauan Jennings,SF,WR,0.0,0.0,0.0,10.8,0.1,65.4,850.7,5.1,0.0,0.0
Emeka Egbuka,TB,WR,0.0,0.0,0.0,11.5,0.0,65.3,827.9,5.7,0.0,0.0
Rashid Shaheed,SEA,WR,0.0,0.0,0.0,46.7,0.1,55.5,840.5,4.7,0.0,0.0
Jordan Addison,MIN,WR,0.0,0.0,0.0,6.6,0.2,58.0,760.6,6.1,0.0,0.0
Darnell Mooney,ATL,WR,0.0,0.0,0.0,1.5,0.0,61.1,864.2,4.6,0.0,0.0
Michael Pittman Jr.,IND,WR,0.0,0.0,0.0,2.0,0.0,78.1,884.3,4.2,0.0,0.0
Jayden Reed,GB,WR,0.0,0.0,0.0,79.8,0.7,52.6,703.2,5.2,0.0,0.0
Chris Godwin Jr.,TB,WR,0.0,0.0,0.0,8.1,0.0,67.6,784.6,5.1,0.0,0.0
Khalil Shakir,BUF,WR,0.0,0.0,0.0,3.0,0.0,71.0,803.1,4.9,0.0,0.0
Marvin Mims Jr.,DEN,WR,0.0,0.0,0.0,49.7,0.1,52.8,697.8,5.4,0.0,0.0
Rashod Bateman,BAL,WR,0.0,0.0,0.0,0.6,0.0,47.7,714.7,5.8,0.0,0.0
Rashee Rice,KC,WR,0.0,0.0,0.0,4.1,0.0,61.9,733.1,5.4,0.0,0.0
Josh Downs,IND,WR,0.0,0.0,0.0,5.8,0.0,69.0,767.3,4.5,0.0,0.0
Cedric Tillman,CLE,WR,0.0,0.0,0.0,0.8,0.0,58.0,734.0,4.1,0.0,0.0
Xavier Legette,CAR,WR,0.0,0.0,0.0,30.6,0.1,60.1,678.1,4.3,0.0,0.0
Marquise Brown,KC,WR,0.0,0.0,0.0,2.0,0.0,55.4,682.7,4.4,0.0,0.0
Keenan Allen,LAC,WR,0.0,0.0,0.0,2.0,0.0,55.4,638.8,4.8,0.0,0.0
Christian Kirk,HOU,WR,0.0,0.0,0.0,4.0,0.0,54.3,698.3,3.7,0.0,0.0
Brandon Aiyuk,SF,WR,0.0,0.0,0.0,0.8,0.0,45.0,685.8,3.7,0.0,0.0
Jayden Higgins,HOU,WR,0.0,0.0,0.0,4.0,0.0,50.0,663.6,3.9,0.0,0.0
DeMario Douglas,NE,WR,0.0,0.0,0.0,15.9,0.0,60.8,646.4,3.5,0.0,0.0
Joshua Palmer,BUF,WR,0.0,0.0,0.0,0.5,0.0,44.5,622.5,3.8,0.0,0.0
Romeo Doubs,GB,WR,0.0,0.0,0.0,0.5,0.0,46.9,598.2,4.3,0.0,0.0
Wan'Dale Robinson,NYG,WR,0.0,0.0,0.0,15.8,0.0,69.2,625.7,3.1,0.0,0.0
Michael Wilson,ARI,WR,0.0,0.0,0.0,8.9,0.1,44.9,540.2,4.1,0.0,0.0
Tyler Lockett,LV,WR,0.0,0.0,0.0,0.0,0.0,49.2,570.3,3.4,0.0,0.0
Calvin Austin III,PIT,WR,0.0,0.0,0.0,11.8,0.1,41.0,547.6,3.5,0.0,0.0
Luther Burden III,CHI,WR,0.0,0.0,0.0,27.2,0.4,44.8,542.1,3.2,0.0,0.0
Alec Pierce,IND,WR,0.0,0.0,0.0,0.0,0.0,31.1,536.5,3.5,0.0,0.0
Tre Harris,LAC,WR,0.0,0.0,0.0,3.8,0.0,40.6,542.4,3.4,0.0,0.0
Adam Thielen,MIN,WR,0.0,0.0,0.0,1.3,0.0,43.4,485.7,4.0,0.0,0.0
Quentin Johnston,LAC,WR,0.0,0.0,0.0,7.3,0.0,34.4,452.0,4.1,0.0,0.0
Darius Slayton,NYG,WR,0.0,0.0,0.0,6.4,0.0,35.5,534.3,2.5,0.0,0.0
DeAndre Hopkins,BAL,WR,0.0,0.0,0.0,0.5,0.0,34.1,434.5,4.2,0.0,0.0
Josh Reynolds,NYJ,WR,0.0,0.0,0.0,0.0,0.0,37.1,483.7,3.2,0.0,0.0
Ray-Ray McCloud III,NYG,WR,0.0,0.0,0.0,53.0,0.2,43.2,475.4,2.6,0.0,0.0
Tutu Atwell,LAR,WR,0.0,0.0,0.0,20.2,0.1,39.9,507.9,2.2,0.0,0.0
Nick Westbrook-Ikhine,MIA,WR,0.0,0.0,0.0,1.3,0.0,31.3,427.2,3.7,0.0,0.0
Jalen Tolbert,DAL,WR,0.0,0.0,0.0,0.0,0.0,35.7,422.0,3.6,0.0,0.0
Troy Franklin,DEN,WR,0.0,0.0,0.0,6.1,0.0,34.6,434.2,3.3,0.0,0.0
Jalen Coker,CAR,WR,0.0,0.0,0.0,2.3,0.0,38.9,487.9,2.4,0.0,0.0
Tory Horton,SEA,WR,0.0,0.0,0.0,8.0,0.0,36.8,485.5,2.5,0.0,0.0
Dyami Brown,JAC,WR,0.0,0.0,0.0,6.8,0.0,35.7,455.0,2.5,0.0,0.0
Pat Bryant,DEN,WR,0.0,0.0,0.0,0.0,0.0,34.2,416.6,3.1,0.0,0.0
Andrei Iosivas,CIN,WR,0.0,0.0,0.0,0.0,0.0,31.2,379.2,3.7,0.0,0.0
Kyle Williams,NE,WR,0.0,0.0,0.0,13.3,0.0,33.5,428.5,2.5,0.0,0.0
Kayshon Boutte,NE,WR,0.0,0.0,0.0,0.0,0.0,31.9,428.1,2.7,0.0,0.0
Noah Brown,WAS,WR,0.0,0.0,0.0,0.0,0.0,33.8,434.1,2.2,0.0,0.0
Jordan Whittington,LAR,WR,0.0,0.0,0.0,13.9,0.0,33.9,395.0,2.4,0.0,0.0
Elic Ayomanor,TEN,WR,0.0,0.0,0.0,5.7,0.0,33.3,404.6,2.3,0.0,0.0
Tre Tucker,LV,WR,0.0,0.0,0.0,31.6,0.3,28.4,359.4,2.1,0.0,0.0
Roman Wilson,PIT,WR,0.0,0.0,0.0,0.0,0.0,30.3,378.5,2.6,0.0,0.0
Isaac TeSlaa,DET,WR,0.0,0.0,0.0,0.0,0.0,28.4,375.3,2.3,0.0,0.0
Adonai Mitchell,NYJ,WR,0.0,0.0,0.0,9.5,0.1,28.3,371.0,2.2,0.0,0.0
Greg Dortch,ARI,WR,0.0,0.0,0.0,30.6,0.1,33.0,329.1,2.5,0.0,0.0
Christian Watson,GB,WR,0.0,0.0,0.0,14.0,0.0,19.9,355.3,2.3,0.0,0.0
Dontayvion Wicks,GB,WR,0.0,0.0,0.0,1.3,0.0,25.6,321.4,3.0,0.0,0.0
Allen Lazard,NYJ,WR,0.0,0.0,0.0,0.0,0.0,27.6,354.1,2.5,0.0,0.0
KaVontae Turpin,DAL,WR,0.0,0.0,0.0,57.9,0.5,23.7,289.7,1.9,0.0,0.0
Brandin Cooks,NO,WR,0.0,0.0,0.0,1.8,0.0,28.5,325.1,2.4,0.0,0.0
Jamari Thrash,CLE,WR,0.0,0.0,0.0,0.0,0.0,29.5,355.8,1.9,0.0,0.0
Curtis Samuel,BUF,WR,0.0,0.0,0.0,29.3,0.1,26.9,271.9,2.5,0.0,0.0
Dont'e Thornton Jr.,LV,WR,0.0,0.0,0.0,2.0,0.0,24.9,324.6,2.0,0.0,0.0
Jalen Nailor,MIN,WR,0.0,0.0,0.0,3.1,0.0,21.0,285.6,2.6,0.0,0.0
Malik Washington,MIA,WR,0.0,0.0,0.0,13.8,0.1,30.0,313.0,1.8,0.0,0.0
Van Jefferson,TEN,WR,0.0,0.0,0.0,0.0,0.0,23.6,303.8,1.9,0.0,0.0
Devaughn Vele,NO,WR,0.0,0.0,0.0,1.7,0.0,27.5,292.0,1.7,0.0,0.0
JuJu Smith-Schuster,KC,WR,0.0,0.0,0.0,0.0,0.0,24.7,273.3,1.9,0.0,0.0
Jalen McMillan,TB,WR,0.0,0.0,0.0,12.2,0.0,18.0,222.6,2.3,0.0,0.0
Gabe Davis,BUF,WR,0.0,0.0,0.0,0.0,0.0,17.0,242.0,2.0,0.0,0.0
Jaylin Noel,HOU,WR,0.0,0.0,0.0,13.0,0.0,21.8,251.2,1.4,0.0,0.0
Jack Bech,LV,WR,0.0,0.0,0.0,2.5,0.0,20.0,243.1,1.5,0.0,0.0
Jermaine Burton,CIN,WR,0.0,0.0,0.0,2.0,0.0,15.7,205.2,2.0,0.0,0.0
Chimere Dike,TEN,WR,0.0,0.0,0.0,8.9,0.0,18.8,222.8,1.5,0.0,0.0
David Moore,CAR,WR,0.0,0.0,0.0,0.0,0.0,18.7,229.8,1.3,0.0,0.0
Demarcus Robinson,SF,WR,0.0,0.0,0.0,0.8,0.0,12.7,194.1,1.8,0.0,0.0
Isaiah Bond,CLE,WR,0.0,0.0,0.0,0.0,0.0,18.3,221.5,1.3,0.0,0.0
Jake Bobo,SEA,WR,0.0,0.0,0.0,0.0,0.0,16.9,203.6,1.3,0.0,0.0
Jahan Dotson,PHI,WR,0.0,0.0,0.0,1.7,0.0,15.0,180.6,1.3,0.0,0.0
Parker Washington,JAC,WR,0.0,0.0,0.0,5.7,0.0,17.6,186.9,1.2,0.0,0.0
Zay Jones,ARI,WR,0.0,0.0,0.0,2.0,0.0,16.6,178.5,1.3,0.0,0.0
Kalif Raymond,DET,WR,0.0,0.0,0.0,4.0,0.0,14.5,182.3,1.1,0.0,0.0
Olamide Zaccheaus,CHI,WR,0.0,0.0,0.0,6.0,0.0,15.0,165.4,1.1,0.0,0.0
Elijah Moore,BUF,WR,0.0,0.0,0.0,1.3,0.0,14.4,158.9,1.2,0.0,0.0
Xavier Hutchinson,HOU,WR,0.0,0.0,0.0,0.0,0.0,14.5,172.1,1.0,0.0,0.0
Jalen Royals,KC,WR,0.0,0.0,0.0,2.5,0.0,13.8,155.4,1.2,0.0,0.0
Mack Hollins,NE,WR,0.0,0.0,0.0,1.7,0.0,12.3,153.0,1.1,0.0,0.0
KhaDarel Hodge,ATL,WR,0.0,0.0,0.0,2.0,0.0,12.2,161.2,1.0,0.0,0.0
Dareke Young,SEA,WR,0.0,0.0,0.0,0.0,0.0,15.4,171.4,0.9,0.0,0.0
Jalin Hyatt,NYG,WR,0.0,0.0,0.0,0.0,0.0,12.0,159.5,0.9,0.0,0.0
Arian Smith,NYJ,WR,0.0,0.0,0.0,5.5,0.0,13.4,161.0,0.7,0.0,0.0
Hunter Renfrow,CAR,WR,0.0,0.0,0.0,0.0,0.0,15.8,155.3,0.9,0.0,0.0
Luke McCaffrey,WAS,WR,0.0,0.0,0.0,1.0,0.0,13.2,136.1,1.0,0.0,0.0
Tai Felton,MIN,WR,0.0,0.0,0.0,1.7,0.0,10.1,118.2,1.0,0.0,0.0
Marquez Valdes-Scantling,PIT,WR,0.0,0.0,0.0,2.0,0.0,7.0,112.0,1.0,0.0,0.0
Tyquan Thornton,KC,WR,0.0,0.0,0.0,0.0,0.0,8.1,116.5,0.9,0.0,0.0
Savion Williams,GB,WR,0.0,0.0,0.0,19.5,0.1,7.6,89.3,0.8,0.0,0.0
Tim Patrick,JAC,WR,0.0,0.0,0.0,0.0,0.0,8.6,104.1,0.7,0.0,0.0
Tylan Wallace,BAL,WR,0.0,0.0,0.0,1.7,0.0,6.8,87.5,0.9,0.0,0.0
Jimmy Horn Jr.,CAR,WR,0.0,0.0,0.0,0.0,0.0,8.2,98.1,0.6,0.0,0.0
Jaylin Lane,WAS,WR,0.0,0.0,0.0,13.5,0.1,6.9,79.6,0.5,0.0,0.0
Sterling Shepard,TB,WR,0.0,0.0,0.0,7.0,0.0,8.5,88.7,0.6,0.0,0.0
Casey Washington,ATL,WR,0.0,0.0,0.0,0.0,0.0,7.4,89.8,0.7,0.0,0.0
Ryan Flournoy,DAL,WR,0.0,0.0,0.0,0.0,0.0,7.7,83.6,0.6,0.0,0.0
KeAndre Lambert-Smith,LAC,WR,0.0,0.0,0.0,3.0,0.0,5.9,77.6,0.6,0.0,0.0
Devontez Walker,BAL,WR,0.0,0.0,0.0,1.7,0.0,5.2,71.0,0.7,0.0,0.0
Bo Melton,GB,WR,0.0,0.0,0.0,0.0,0.0,6.6,78.1,0.6,0.0,0.0
Jamal Agnew,ATL,WR,0.0,0.0,0.0,0.0,0.0,6.7,69.4,0.6,0.0,0.0
Xavier Restrepo,TEN,WR,0.0,0.0,0.0,2.0,0.0,4.0,40.0,1.0,0.0,0.0
Xavier Gipson,PHI,WR,0.0,0.0,0.0,3.7,0.0,7.4,81.3,0.4,0.0,0.0
Trey Palmer,NO,WR,0.0,0.0,0.0,2.0,0.0,6.6,76.9,0.3,0.0,0.0
Irvin Charles,NYJ,WR,0.0,0.0,0.0,0.0,0.0,6.4,68.3,0.5,0.0,0.0
Malik Heath,GB,WR,0.0,0.0,0.0,2.0,0.0,5.8,66.0,0.4,0.0,0.0
Cody White,SEA,WR,0.0,0.0,0.0,0.0,0.0,5.4,66.6,0.4,0.0,0.0
Skyy Moore,SF,WR,0.0,0.0,0.0,0.0,0.0,5.4,66.1,0.4,0.0,0.0
John Metchie III,NYJ,WR,0.0,0.0,0.0,0.0,0.0,6.2,68.2,0.3,0.0,0.0
Tyler Johnson,NYJ,WR,0.0,0.0,0.0,0.0,0.0,7.0,80.0,0.0,0.0,0.0
Efton Chism III,NE,WR,0.0,0.0,0.0,0.0,0.0,4.9,56.9,0.4,0.0,0.0
Mason Tipton,NO,WR,0.0,0.0,0.0,0.0,0.0,5.2,54.8,0.4,0.0,0.0
Derius Davis,LAC,WR,0.0,0.0,0.0,35.5,0.2,2.8,31.2,0.1,0.0,0.0
Trent Sherfield Sr.,DEN,WR,0.0,0.0,0.0,0.0,0.0,4.4,52.8,0.4,0.0,0.0
Tez Johnson,TB,WR,0.0,0.0,0.0,0.0,0.0,4.0,49.4,0.2,0.0,0.0
Ben Skowronek,PIT,WR,0.0,0.0,0.0,0.0,0.0,4.0,43.9,0.3,0.0,0.0
Xavier Weaver,ARI,WR,0.0,0.0,0.0,0.0,0.0,3.4,39.9,0.3,0.0,0.0
Justin Watson,HOU,WR,0.0,0.0,0.0,0.0,0.0,3.3,44.8,0.2,0.0,0.0
Jordan Watkins,SF,WR,0.0,0.0,0.0,2.5,0.0,3.0,42.7,0.2,0.0,0.0
Scotty Miller,PIT,WR,0.0,0.0,0.0,0.0,0.0,3.9,47.0,0.1,0.0,0.0
Charlie Jones,CIN,WR,0.0,0.0,0.0,1.7,0.0,3.3,39.1,0.2,0.0,0.0
Bryce Oliver,TEN,WR,0.0,0.0,0.0,0.0,0.0,3.4,38.2,0.2,0.0,0.0
Gage Larvadain,CLE,WR,0.0,0.0,0.0,0.0,0.0,3.6,39.0,0.2,0.0,0.0
Dee Eskridge,MIA,WR,0.0,0.0,0.0,1.7,0.0,2.9,32.4,0.2,0.0,0.0
Lil'Jordan Humphrey,NYG,WR,0.0,0.0,0.0,0.0,0.0,4.0,44.0,0.0,0.0,0.0
Brycen Tremayne,CAR,WR,0.0,0.0,0.0,0.0,0.0,2.6,29.0,0.1,0.0,0.0
Nick Nash,ATL,WR,0.0,0.0,0.0,0.0,0.0,3.0,35.0,0.0,0.0,0.0
DeAndre Carter,CLE,WR,0.0,0.0,0.0,3.0,0.0,3.9,39.4,0.0,0.0,0.0
Mitch Tinsley,CIN,WR,0.0,0.0,0.0,0.0,0.0,2.5,28.8,0.1,0.0,0.0
Malachi Corley,CLE,WR,0.0,0.0,0.0,2.0,0.0,3.0,29.0,0.0,0.0,0.0
Konata Mumpfield,LAR,WR,0.0,0.0,0.0,0.0,0.0,1.8,21.2,0.2,0.0,0.0
Russell Gage Jr.,SF,WR,0.0,0.0,0.0,0.0,0.0,3.0,30.0,0.0,0.0,0.0
Anthony Gould,IND,WR,0.0,0.0,0.0,2.5,0.0,1.8,22.8,0.1,0.0,0.0
Tyrell Shavers,BUF,WR,0.0,0.0,0.0,0.0,0.0,1.5,20.1,0.1,0.0,0.0
Michael Woods II,GB,WR,0.0,0.0,0.0,0.0,0.0,3.0,28.0,0.0,0.0,0.0
Dante Pettis,NO,WR,0.0,0.0,0.0,6.0,0.0,2.0,22.0,0.0,0.0,0.0
Cedrick Wilson Jr.,MIA,WR,0.0,0.0,0.0,6.0,0.0,2.0,22.0,0.0,0.0,0.0
Kendrick Bourne,SF,WR,0.0,0.0,0.0,5.0,0.0,2.0,22.0,0.0,0.0,0.0
Tyler Scott,LAR,WR,0.0,0.0,0.0,5.0,0.0,2.0,22.0,0.0,0.0,0.0
Ashton Dulin,IND,WR,0.0,0.0,0.0,1.7,0.0,1.7,19.4,0.1,0.0,0.0
Beaux Collins,NYG,WR,0.0,0.0,0.0,0.0,0.0,1.7,19.1,0.1,0.0,0.0
Parris Campbell,DAL,WR,0.0,0.0,0.0,0.0,0.0,2.0,21.0,0.0,0.0,0.0
Isaiah Williams,NYJ,WR,0.0,0.0,0.0,0.0,0.0,1.0,14.0,0.0,0.0,0.0
Ryan Miller,TB,WR,0.0,0.0,0.0,0.0,0.0,0.8,9.7,0.1,0.0,0.0
Xavier Smith,LAR,WR,0.0,0.0,0.0,9.6,0.1,1.0,11.0,0.0,0.0,0.0
Braxton Berrios,HOU,WR,0.0,0.0,0.0,2.5,0.0,1.0,10.5,0.0,0.0,0.0
Tank Dell,HOU,WR,0.0,0.0,0.0,0.0,0.0,1.0,12.0,0.0,0.0,0.0
LaJohntay Wester,BAL,WR,0.0,0.0,0.0,0.0,0.0,1.0,12.0,0.0,0.0,0.0
Devin Duvernay,CHI,WR,0.0,0.0,0.0,6.0,0.0,2.0,23.0,0.0,0.0,0.0
Jacob Cowing,SF,WR,0.0,0.0,0.0,8.5,0.0,0.0,0.0,0.0,0.0,0.0
Jason Brownlee,KC,WR,0.0,0.0,0.0,0.0,0.0,0.5,7.0,0.0,0.0,0.0
Nikko Remigio,KC,WR,0.0,0.0,0.0,0.0,0.0,0.5,6.5,0.0,0.0,0.0
Trenton Irwin,NYJ,WR,0.0,0.0,0.0,5.0,0.0,0.0,0.0,0.0,0.0,0.0
Kameron Johnson,TB,WR,0.0,0.0,0.0,0.0,0.0,0.0,0.0,0.0,0.0,0.0
Trent Taylor,SF,WR,0.0,0.0,0.0,0.0,0.0,0.0,0.0,0.0,0.0,0.0
Rondale Moore,MIN,WR,0.0,0.0,0.0,0.0,0.0,0.0,0.0,0.0,0.0,0.0
D.J. Montgomery,IND,WR,0.0,0.0,0.0,0.0,0.0,0.0,0.0,0.0,0.0,0.0
David Sills V,ATL,WR,0.0,0.0,0.0,0.0,0.0,0.0,0.0,0.0,0.0,0.0
Treylon Burks,WAS,WR,0.0,0.0,0.0,0.0,0.0,0.0,0.0,0.0,0.0,0.0
Brandon Johnson,TB,WR,0.0,0.0,0.0,0.0,0.0,0.0,0.0,0.0,0.0,0.0
Jonathan Mingo,DAL,WR,0.0,0.0,0.0,0.0,0.0,0.0,0.0,0.0,0.0,0.0
Ja'Lynn Polk,NO,WR,0.0,0.0,0.0,0.0,0.0,0.0,0.0,0.0,0.0,0.0
Bub Means,NO,WR,0.0,0.0,0.0,0.0,0.0,0.0,0.0,0.0,0.0,0.0
Tahj Washington,MIA,WR,0.0,0.0,0.0,0.0,0.0,0.0,0.0,0.0,0.0,0.0
Johnny Wilson,PHI,WR,0.0,0.0,0.0,0.0,0.0,0.0,0.0,0.0,0.0,0.0
Bryce Ford-Wheaton,NYG,WR,0.0,0.0,0.0,0.0,0.0,0.0,0.0,0.0,0.0,0.0
Joshua Cephus,JAC,WR,0.0,0.0,0.0,0.0,0.0,0.0,0.0,0.0,0.0,0.0
Ihmir Smith-Marsette,NYG,WR,0.0,0.0,0.0,5.0,0.0,0.0,0.0,0.0,0.0,0.0
,nan,TE,0.0,0.0,0.0,0.0,0.0,0.0,0.0,0.0,0.0,0.0
Brock Bowers,LV,TE,0.0,0.0,0.0,0.0,0.0,105.1,1115.4,6.1,0.0,0.0
George Kittle,SF,TE,0.0,0.0,0.0,0.0,0.0,75.2,1014.6,7.4,0.0,0.0
Trey McBride,ARI,TE,0.0,0.0,0.0,0.0,0.0,103.9,1051.0,5.8,0.0,0.0
Sam LaPorta,DET,TE,0.0,0.0,0.0,0.0,0.0,69.9,785.3,7.0,0.0,0.0
Mark Andrews,BAL,TE,0.0,0.0,0.0,0.0,0.0,58.9,700.5,7.7,0.0,0.0
Travis Kelce,KC,TE,0.0,0.0,0.0,0.0,0.0,81.3,776.3,5.3,0.0,0.0
T.J. Hockenson,MIN,TE,0.0,0.0,0.0,0.0,0.0,72.6,762.5,4.6,0.0,0.0
David Njoku,CLE,TE,0.0,0.0,0.0,0.0,0.0,76.3,736.8,4.9,0.0,0.0
Tyler Warren,IND,TE,0.0,0.0,0.0,0.0,0.0,63.2,679.1,4.7,0.0,0.0
Tucker Kraft,GB,TE,0.0,0.0,0.0,0.0,0.0,55.5,653.6,4.8,0.0,0.0
Kyle Pitts Sr.,ATL,TE,0.0,0.0,0.0,0.0,0.0,51.2,648.4,4.2,0.0,0.0
Evan Engram,DEN,TE,0.0,0.0,0.0,0.0,0.0,70.4,628.1,4.2,0.0,0.0
Dallas Goedert,PHI,TE,0.0,0.0,0.0,0.0,0.0,57.5,634.2,3.9,0.0,0.0
Zach Ertz,WAS,TE,0.0,0.0,0.0,0.0,0.0,58.3,540.9,5.1,0.0,0.0
Dalton Kincaid,BUF,TE,0.0,0.0,0.0,0.0,0.0,57.3,603.2,4.0,0.0,0.0
Jake Ferguson,DAL,TE,0.0,0.0,0.0,0.0,0.0,67.9,621.0,3.8,0.0,0.0
Hunter Henry,NE,TE,0.0,0.0,0.0,0.0,0.0,54.4,568.5,3.9,0.0,0.0
Colston Loveland,CHI,TE,0.0,0.0,0.0,0.0,0.0,54.3,569.6,3.8,0.0,0.0
Cade Otton,TB,TE,0.0,0.0,0.0,0.0,0.0,50.4,515.6,4.1,0.0,0.0
Brenton Strange,JAC,TE,0.0,0.0,0.0,0.0,0.0,55.2,548.8,3.5,0.0,0.0
Jonnu Smith,PIT,TE,0.0,0.0,0.0,0.0,0.0,51.4,530.9,3.8,0.0,0.0
Chig Okonkwo,TEN,TE,0.0,0.0,0.0,0.0,0.0,56.5,563.5,3.2,0.0,0.0
Isaiah Likely,BAL,TE,0.0,0.0,0.0,0.0,0.0,39.5,468.3,4.6,0.0,0.0
Darren Waller,MIA,TE,0.0,0.0,0.0,0.0,0.0,49.0,540.8,3.1,0.0,0.0
Mike Gesicki,CIN,TE,0.0,0.0,0.0,0.0,0.0,50.8,501.3,3.4,0.0,0.0
Dalton Schultz,HOU,TE,0.0,0.0,0.0,0.0,0.0,48.8,503.8,3.2,0.0,0.0
Mason Taylor,NYJ,TE,0.0,0.0,0.0,0.0,0.0,51.5,518.0,3.0,0.0,0.0
Juwan Johnson,NO,TE,0.0,0.0,0.0,0.0,0.0,47.0,486.4,3.2,0.0,0.0
Pat Freiermuth,PIT,TE,0.0,0.0,0.0,0.0,0.0,50.9,488.4,3.4,0.0,0.0
Theo Johnson,NYG,TE,0.0,0.0,0.0,0.0,0.0,46.5,507.7,2.8,0.0,0.0
Tyler Higbee,LAR,TE,0.0,0.0,0.0,0.0,0.0,45.2,423.9,3.7,0.0,0.0
Robbie Ouzts,SEA,TE,0.0,0.0,0.0,0.0,0.0,49.0,481.0,3.0,0.0,0.0
Elijah Arroyo,SEA,TE,0.0,0.0,0.0,0.0,0.0,40.0,424.1,2.8,0.0,0.0
Ja'Tavion Sanders,CAR,TE,0.0,0.0,0.0,0.0,0.0,44.2,442.4,2.4,0.0,0.0
Will Dissly,LAC,TE,0.0,0.0,0.0,0.0,0.0,38.4,376.9,2.5,0.0,0.0
Noah Fant,CIN,TE,0.0,0.0,0.0,0.0,0.0,37.2,381.0,2.4,0.0,0.0
Noah Gray,KC,TE,0.0,0.0,0.0,0.0,0.0,30.1,307.9,2.8,0.0,0.0
Tyler Conklin,LAC,TE,0.0,0.0,0.0,0.0,0.0,33.5,324.6,2.3,0.0,0.0
AJ Barner,SEA,TE,0.0,0.0,0.0,0.0,0.0,32.3,305.6,2.4,0.0,0.0
Harold Fannin Jr.,CLE,TE,0.0,0.0,0.0,0.0,0.0,30.7,303.4,1.8,0.0,0.0
Cole Kmet,CHI,TE,0.0,0.0,0.0,0.0,0.0,28.4,272.7,2.3,0.0,0.0
Austin Hooper,NE,TE,0.0,0.0,0.0,0.0,0.0,29.6,294.7,1.9,0.0,0.0
Michael Mayer,LV,TE,0.0,0.0,0.0,0.0,0.0,28.5,262.1,1.8,0.0,0.0
Dawson Knox,BUF,TE,0.0,0.0,0.0,0.0,0.0,21.9,237.8,1.9,0.0,0.0
Terrance Ferguson,LAR,TE,0.0,0.0,0.0,0.0,0.0,23.0,235.4,1.9,0.0,0.0
Foster Moreau,NO,TE,0.0,0.0,0.0,0.0,0.0,19.1,217.9,1.5,0.0,0.0
Gunnar Helm,TEN,TE,0.0,0.0,0.0,0.0,0.0,23.0,225.8,1.2,0.0,0.0
Oronde Gadsden II,LAC,TE,0.0,0.0,0.0,0.0,0.0,19.1,195.5,1.6,0.0,0.0
Tommy Tremble,CAR,TE,0.0,0.0,0.0,0.0,0.0,19.3,184.6,1.7,0.0,0.0
Luke Musgrave,GB,TE,0.0,0.0,0.0,0.0,0.0,19.3,187.0,1.4,0.0,0.0
Josh Oliver,MIN,TE,0.0,0.0,0.0,0.0,0.0,17.0,179.5,1.5,0.0,0.0
Brock Wright,DET,TE,0.0,0.0,0.0,0.0,0.0,15.0,135.2,2.2,0.0,0.0
Ben Sinnott,WAS,TE,0.0,0.0,0.0,0.0,0.0,17.7,174.2,1.5,0.0,0.0
Cade Stover,HOU,TE,0.0,0.0,0.0,0.0,0.0,16.9,161.0,1.2,0.0,0.0
Adam Trautman,DEN,TE,0.0,0.0,0.0,0.0,0.0,13.5,146.8,1.5,0.0,0.0
Julian Hill,MIA,TE,0.0,0.0,0.0,0.0,0.0,17.2,153.9,1.1,0.0,0.0
Luke Schoonmaker,DAL,TE,0.0,0.0,0.0,0.0,0.0,14.9,132.2,1.2,0.0,0.0
Jeremy Ruckert,NYJ,TE,0.0,0.0,0.0,0.0,0.0,16.2,139.3,0.9,0.0,0.0
Payne Durham,TB,TE,0.0,0.0,0.0,0.0,0.0,11.9,116.6,1.3,0.0,0.0
Charlie Woerner,ATL,TE,0.0,0.0,0.0,0.0,0.0,13.7,131.5,1.0,0.0,0.0
Grant Calcaterra,PHI,TE,0.0,0.0,0.0,0.0,0.0,12.3,135.8,0.9,0.0,0.0
Elijah Higgins,ARI,TE,0.0,0.0,0.0,0.0,0.0,11.4,110.4,1.1,0.0,0.0
Darnell Washington,PIT,TE,0.0,0.0,0.0,0.0,0.0,12.2,122.9,0.7,0.0,0.0
Johnny Mundt,JAC,TE,0.0,0.0,0.0,0.0,0.0,13.4,115.2,0.8,0.0,0.0
Blake Whiteheart,CLE,TE,0.0,0.0,0.0,0.0,0.0,11.7,116.3,0.7,0.0,0.0
Colby Parkinson,LAR,TE,0.0,0.0,0.0,0.0,0.0,10.6,106.9,0.9,0.0,0.0
Daniel Bellinger,NYG,TE,0.0,0.0,0.0,0.0,0.0,12.9,122.7,0.6,0.0,0.0
Connor Heyward,PIT,TE,0.0,0.0,0.0,0.0,0.0,10.1,87.1,1.2,0.0,0.0
Jake Briningstool,KC,TE,0.0,0.0,0.0,0.0,0.0,10.0,94.0,1.0,0.0,0.0
Drew Ogletree,IND,TE,0.0,0.0,0.0,0.0,0.0,7.5,96.9,0.8,0.0,0.0
Stone Smartt,NYJ,TE,0.0,0.0,0.0,0.0,0.0,8.9,96.3,0.8,0.0,0.0
Teagan Quitoriano,ATL,TE,0.0,0.0,0.0,0.0,0.0,6.4,99.5,0.6,0.0,0.0
Taysom Hill,NO,TE,0.0,0.0,0.0,0.0,0.0,2.3,22.0,0.0,0.0,0.0
Drew Sample,CIN,TE,0.0,0.0,0.0,0.0,0.0,10.3,82.6,0.8,0.0,0.0
Lucas Krull,DEN,TE,0.0,0.0,0.0,0.0,0.0,9.9,90.3,0.6,0.0,0.0
Devin Culp,TB,TE,0.0,0.0,0.0,0.0,0.0,7.2,77.2,0.7,0.0,0.0
Moliki Matavao,NO,TE,0.0,0.0,0.0,0.0,0.0,7.6,74.5,0.6,0.0,0.0
Brevyn Spann-Ford,DAL,TE,0.0,0.0,0.0,0.0,0.0,7.8,74.6,0.6,0.0,0.0
Nate Adkins,DEN,TE,0.0,0.0,0.0,0.0,0.0,6.0,46.0,1.0,0.0,0.0
John Bates,WAS,TE,0.0,0.0,0.0,0.0,0.0,7.8,74.3,0.5,0.0,0.0
Hunter Long,JAC,TE,0.0,0.0,0.0,0.0,0.0,8.4,75.9,0.4,0.0,0.0
Gavin Bartholomew,MIN,TE,0.0,0.0,0.0,0.0,0.0,5.5,59.5,0.6,0.0,0.0
Eric Saubert,SEA,TE,0.0,0.0,0.0,0.0,0.0,6.7,59.8,0.5,0.0,0.0
Travis Vokolek,ARI,TE,0.0,0.0,0.0,0.0,0.0,5.5,55.5,0.5,0.0,0.0
Tip Reiman,ARI,TE,0.0,0.0,0.0,0.0,0.0,6.6,60.3,0.4,0.0,0.0
Charlie Kolar,BAL,TE,0.0,0.0,0.0,0.0,0.0,4.9,60.0,0.4,0.0,0.0
Ian Thomas,LV,TE,0.0,0.0,0.0,0.0,0.0,6.6,58.5,0.4,0.0,0.0
Mitchell Evans,CAR,TE,0.0,0.0,0.0,0.0,0.0,6.3,59.7,0.4,0.0,0.0
Thomas Fidone II,NYG,TE,0.0,0.0,0.0,0.0,0.0,5.5,52.0,0.5,0.0,0.0
Ben Sims,MIN,TE,0.0,0.0,0.0,0.0,0.0,5.0,51.0,0.5,0.0,0.0
Cam Grandy,CIN,TE,0.0,0.0,0.0,0.0,0.0,6.2,54.1,0.4,0.0,0.0
Luke Farrell,SF,TE,0.0,0.0,0.0,0.0,0.0,6.1,58.5,0.4,0.0,0.0
Jackson Hawes,BUF,TE,0.0,0.0,0.0,0.0,0.0,5.3,57.2,0.4,0.0,0.0
Jelani Woods,NYJ,TE,0.0,0.0,0.0,0.0,0.0,3.5,46.5,0.5,0.0,0.0
Jared Wiley,KC,TE,0.0,0.0,0.0,0.0,0.0,5.4,53.1,0.4,0.0,0.0
Chris Manhertz,NYG,TE,0.0,0.0,0.0,0.0,0.0,4.9,44.3,0.4,0.0,0.0
Durham Smythe,CHI,TE,0.0,0.0,0.0,0.0,0.0,5.4,45.6,0.4,0.0,0.0
Will Mallory,IND,TE,0.0,0.0,0.0,0.0,0.0,3.9,38.7,0.3,0.0,0.0
Kylen Granson,PHI,TE,0.0,0.0,0.0,0.0,0.0,4.0,45.1,0.1,0.0,0.0
David Martin-Robinson,TEN,TE,0.0,0.0,0.0,0.0,0.0,3.7,37.2,0.3,0.0,0.0
Davis Allen,LAR,TE,0.0,0.0,0.0,0.0,0.0,4.0,37.9,0.2,0.0,0.0
Ko Kieft,TB,TE,0.0,0.0,0.0,0.0,0.0,1.5,16.0,0.5,0.0,0.0
Mo Alie-Cox,IND,TE,0.0,0.0,0.0,0.0,0.0,2.8,30.9,0.2,0.0,0.0
Tucker Fisk,LAC,TE,0.0,0.0,0.0,0.0,0.0,3.3,31.6,0.2,0.0,0.0
Tanner Hudson,CIN,TE,0.0,0.0,0.0,0.0,0.0,2.9,26.5,0.2,0.0,0.0
Erick All Jr.,CIN,TE,0.0,0.0,0.0,0.0,0.0,2.3,20.5,0.2,0.0,0.0
Jack Westover,NE,TE,0.0,0.0,0.0,0.0,0.0,1.8,18.3,0.1,0.0,0.0
Feleipe Franks,ATL,TE,0.0,0.0,0.0,0.0,0.0,1.8,17.7,0.1,0.0,0.0
Pharaoh Brown,ARI,TE,0.0,0.0,0.0,0.0,0.0,2.5,25.0,0.0,0.0,0.0
James Mitchell,CAR,TE,0.0,0.0,0.0,0.0,0.0,1.9,17.8,0.1,0.0,0.0
Josh Whyle,GB,TE,0.0,0.0,0.0,0.0,0.0,1.5,15.5,0.0,0.0,0.0
Jack Stoll,NO,TE,0.0,0.0,0.0,0.0,0.0,1.5,15.0,0.0,0.0,0.0
Nick Vannett,MIN,TE,0.0,0.0,0.0,0.0,0.0,1.0,10.0,0.0,0.0,0.0
Robert Tonyan,KC,TE,0.0,0.0,0.0,0.0,0.0,1.0,10.0,0.0,0.0,0.0
Quintin Morris,JAC,TE,0.0,0.0,0.0,0.0,0.0,1.0,10.0,0.0,0.0,0.0
Greg Dulcich,MIA,TE,0.0,0.0,0.0,0.0,0.0,1.0,9.5,0.0,0.0,0.0
Harrison Bryant,HOU,TE,0.0,0.0,0.0,0.0,0.0,0.5,5.5,0.0,0.0,0.0
Marcedes Lewis,DEN,TE,0.0,0.0,0.0,0.0,0.0,0.0,0.0,0.0,0.0,0.0
Jordan Akins,JAC,TE,0.0,0.0,0.0,0.0,0.0,0.0,0.0,0.0,0.0,0.0
Ross Dwelley,DET,TE,0.0,0.0,0.0,0.0,0.0,0.0,0.0,0.0,0.0,0.0
Albert Okwuegbunam Jr.,LV,TE,0.0,0.0,0.0,0.0,0.0,0.0,0.0,0.0,0.0,0.0
Tyree Jackson,WAS,TE,0.0,0.0,0.0,0.0,0.0,0.0,0.0,0.0,0.0,0.0
Stephen Carlson,CHI,TE,0.0,0.0,0.0,0.0,0.0,0.0,0.0,0.0,0.0,0.0
Donald Parham Jr.,PIT,TE,0.0,0.0,0.0,0.0,0.0,0.0,0.0,0.0,0.0,0.0
Matt Sokol,PIT,TE,0.0,0.0,0.0,0.0,0.0,0.0,0.0,0.0,0.0,0.0
Lawrence Cager,WAS,TE,0.0,0.0,0.0,0.0,0.0,0.0,0.0,0.0,0.0,0.0
Sean McKeon,IND,TE,0.0,0.0,0.0,0.0,0.0,0.0,0.0,0.0,0.0,0.0
Brevin Jordan,HOU,TE,0.0,0.0,0.0,0.0,0.0,0.0,0.0,0.0,0.0,0.0
Luke Lachey,HOU,TE,0.0,0.0,0.0,0.0,0.0,0.0,0.0,0.0,0.0,0.0
Shane Zylstra,DET,TE,0.0,0.0,0.0,0.0,0.0,0.0,0.0,0.0,0.0,0.0
Justin Shorter,LV,TE,0.0,0.0,0.0,0.0,0.0,0.0,0.0,0.0,0.0,0.0
Nikola Kalinic,CHI,TE,0.0,0.0,0.0,0.0,0.0,0.0,0.0,0.0,0.0,0.0
John FitzPatrick,GB,TE,0.0,0.0,0.0,0.0,0.0,0.0,0.0,0.0,0.0,0.0
Cameron Latu,PHI,TE,0.0,0.0,0.0,0.0,0.0,0.0,0.0,0.0,0.0,0.0
Jake Tonges,SF,TE,0.0,0.0,0.0,0.0,0.0,0.0,0.0,0.0,0.0,0.0
Thomas Odukoya,NE,TE,0.0,0.0,0.0,0.0,0.0,0.0,0.0,0.0,0.0,0.0
Brayden Willis,SF,TE,0.0,0.0,0.0,0.0,0.0,0.0,0.0,0.0,0.0,0.0
E.J. Jenkins,PHI,TE,0.0,0.0,0.0,0.0,0.0,0.0,0.0,0.0,0.0,0.0
Princeton Fant,DAL,TE,0.0,0.0,0.0,0.0,0.0,0.0,0.0,0.0,0.0,0.0
John Stephens Jr.,DAL,TE,0.0,0.0,0.0,0.0,0.0,0.0,0.0,0.0,0.0,0.0
Brenden Bates,CLE,TE,0.0,0.0,0.0,0.0,0.0,0.0,0.0,0.0,0.0,0.0
Colson Yankoff,WAS,TE,0.0,0.0,0.0,0.0,0.0,0.0,0.0,0.0,0.0,0.0
Caleb Lohner,DEN,TE,0.0,0.0,0.0,0.0,0.0,0.0,0.0,0.0,0.0,0.0
Brandon Aubrey,DAL,K,0.0,0.0,0.0,0.0,0.0,0.0,0.0,0.0,33.2,40.6
Matt Gay,WAS,K,0.0,0.0,0.0,0.0,0.0,0.0,0.0,0.0,29.9,47.4
Chase McLaughlin,TB,K,0.0,0.0,0.0,0.0,0.0,0.0,0.0,0.0,30.1,46.3
Jake Elliott,PHI,K,0.0,0.0,0.0,0.0,0.0,0.0,0.0,0.0,29.3,46.4
Tyler Bass,BUF,K,0.0,0.0,0.0,0.0,0.0,0.0,0.0,0.0,27.4,51.3
Cameron Dicker,LAC,K,0.0,0.0,0.0,0.0,0.0,0.0,0.0,0.0,31.2,37.8
Tyler Loop,BAL,K,0.0,0.0,0.0,0.0,0.0,0.0,0.0,0.0,27.4,47.7
Jake Bates,DET,K,0.0,0.0,0.0,0.0,0.0,0.0,0.0,0.0,27.0,48.1
Harrison Butker,KC,K,0.0,0.0,0.0,0.0,0.0,0.0,0.0,0.0,28.7,42.3
Ka'imi Fairbairn,HOU,K,0.0,0.0,0.0,0.0,0.0,0.0,0.0,0.0,30.7,35.8
Brandon McManus,GB,K,0.0,0.0,0.0,0.0,0.0,0.0,0.0,0.0,27.7,44.5
Chris Boswell,PIT,K,0.0,0.0,0.0,0.0,0.0,0.0,0.0,0.0,30.2,35.5
Younghoe Koo,NYG,K,0.0,0.0,0.0,0.0,0.0,0.0,0.0,0.0,28.0,42.1
Evan McPherson,CIN,K,0.0,0.0,0.0,0.0,0.0,0.0,0.0,0.0,26.2,46.9
Wil Lutz,DEN,K,0.0,0.0,0.0,0.0,0.0,0.0,0.0,0.0,28.4,40.2
Will Reichard,MIN,K,0.0,0.0,0.0,0.0,0.0,0.0,0.0,0.0,28.0,41.2
Chad Ryland,ARI,K,0.0,0.0,0.0,0.0,0.0,0.0,0.0,0.0,28.4,39.0
Joshua Karty,LAR,K,0.0,0.0,0.0,0.0,0.0,0.0,0.0,0.0,28.0,38.6
Spencer Shrader,IND,K,0.0,0.0,0.0,0.0,0.0,0.0,0.0,0.0,27.5,38.2
Daniel Carlson,LV,K,0.0,0.0,0.0,0.0,0.0,0.0,0.0,0.0,29.2,32.8
Jake Moody,CHI,K,0.0,0.0,0.0,0.0,0.0,0.0,0.0,0.0,26.3,40.7
Cam Little,JAC,K,0.0,0.0,0.0,0.0,0.0,0.0,0.0,0.0,27.4,36.5
Cairo Santos,CHI,K,0.0,0.0,0.0,0.0,0.0,0.0,0.0,0.0,26.7,37.1
Jason Myers,SEA,K,0.0,0.0,0.0,0.0,0.0,0.0,0.0,0.0,27.5,34.2
Nick Folk,NYJ,K,0.0,0.0,0.0,0.0,0.0,0.0,0.0,0.0,26.3,33.4
Blake Grupe,NO,K,0.0,0.0,0.0,0.0,0.0,0.0,0.0,0.0,26.5,30.1
Joey Slye,TEN,K,0.0,0.0,0.0,0.0,0.0,0.0,0.0,0.0,25.8,31.4
Ryan Fitzgerald,CAR,K,0.0,0.0,0.0,0.0,0.0,0.0,0.0,0.0,24.5,34.6
Andy Borregales,NE,K,0.0,0.0,0.0,0.0,0.0,0.0,0.0,0.0,24.8,32.8
Graham Gano,NYG,K,0.0,0.0,0.0,0.0,0.0,0.0,0.0,0.0,24.6,31.5
Jason Sanders,MIA,K,0.0,0.0,0.0,0.0,0.0,0.0,0.0,0.0,23.7,31.5
Andre Szmyt,CLE,K,0.0,0.0,0.0,0.0,0.0,0.0,0.0,0.0,22.9,25.7
Riley Patterson,MIA,K,0.0,0.0,0.0,0.0,0.0,0.0,0.0,0.0,7.1,9.2
Harrison Mevis,LAR,K,0.0,0.0,0.0,0.0,0.0,0.0,0.0,0.0,0.0,0.0
Jude McAtamney,NYG,K,0.0,0.0,0.0,0.0,0.0,0.0,0.0,0.0,0.0,0.0
Zane Gonzalez,ATL,K,0.0,0.0,0.0,0.0,0.0,0.0,0.0,0.0,0.0,0.0
Lucas Havrisik,GB,K,0.0,0.0,0.0,0.0,0.0,0.0,0.0,0.0,0.0,0.0
Matthew Wright,HOU,K,0.0,0.0,0.0,0.0,0.0,0.0,0.0,0.0,0.0,0.0
Matt Prater,BUF,K,0.0,0.0,0.0,0.0,0.0,0.0,0.0,0.0,0.0,0.0
Michael Badgley,IND,K,0.0,0.0,0.0,0.0,0.0,0.0,0.0,0.0,0.0,0.0
Eddy Pineiro,SF,K,0.0,0.0,0.0,0.0,0.0,0.0,0.0,0.0,0.0,0.0
